Topic,Subtopic,Message Type,Difficulty,Language,Message
JavaScript,Closure,Teaching,Advanced,Bilingual,Guru, Closure ka concept samajhne ke liye Maan lo notes passed in class (Hindi ki class me note passing). Yaha pe closure ka structure waise hi hai. bas thoda practice ki zaroorat hai!
DSA,Hash Table,Teaching,Beginner,Bilingual,Yaar, Focus karo, Hash Table bahut zaroori hai. Step by step soche bina confusion ho sakti hai. keep it up, yaar!
DSA,Queue,Teaching,Beginner,Bilingual,Arre, Queue ka concept samajhne ke liye Maan lo ticket counter line. Sabse pehle ...[explain step 1] Phir ...[explain step 2] Finally, dimaag thoda ...[explain step 3] mast seekh raha hai!
JavaScript,DOM Manipulation,Teaching,Advanced,Bilingual,Suno, DOM Manipulation ka concept samajhne ke liye Sabse pehle ....p 2] Finally, dimaag thoda ...[explain step 3] keep it up, yaar!
DSA,Binary Search,Teaching,Intermediate,Bilingual,Bhai, Binary Search ka concept samajhne ke liye Sabse pehle ...[..., Phir ...p 2] Finally, dimaag thoda ...[explain step 3] keep it up, yaar!
JavaScript,ES6 Features,Assignment,Advanced,Bilingual,Guru, Khud se likho ek example for ES6 using JavaScript aur test karo. pakka ho jayega!
System Design,Database,Assignment,Advanced,Bilingual,Bete, Mann lo tumhara boss Database ke baare mein poochhe, ready raho by coding it! mast seekh raha hai!
JavaScript,DOM Manipulation,Assignment,Beginner,Bilingual,Chalo, aaj ki assignment DOM Manipulation pe focus karo. Ek example problem solve karo aur code share karo. keep it up, yaar!
DSA,Stack,Assignment,Intermediate,Bilingual,Assignment: Stack ka code likho aur test cases banao. You got this!
System Design,Microservices,Assignment,Intermediate,Bilingual,चलो, aaj ki assignment for Microservices focus karo. Ek example problem solve karo aur code share karo. bas thoda practice ki zaroorat hai!
JavaScript,Let/Const,Assignment,Intermediate,Bilingual,Assignment: solve karo ek typical Let/Const problem: [problem description]. Keep it up, yaar!
System Design,CAP Theorem,Assignment,Intermediate,Bilingual,Bhai, khud se likho ek example for CAP Theorem using JavaScript aur test karo. mast seekh raha hai!
Behavioral,Leadership,Assignment,Beginner,Bilingual,Assignment: Aaj ki assignment Leadership pe focus karo. Ek example problem solve karo aur code share karo. tu kar lega!
DSA,Recursion,Assignment,Advanced,Bilingual,Chalo, Khud se likho ek example for Recursion using JavaScript aur test karo. mast seekh raha hai!
JavaScript,Callbacks,Assignment,Intermediate,Bilingual,Chalo, Sharding ka code likho aur test cases banao. pakka ho jayega!
Behavioral,Failure,Assignment,Intermediate,Bilingual,Achha, Promise ka code likho aur test cases banao. keep it up, yaar!
DSA,Greedy,Assignment,Intermediate,Bilingual,Assignment: Greedy ka code likho aur test cases banao. you got this!
System Design,Scalability,Assignment,Advanced,Bilingual,चलो, Scalability का कोड लिखो और उसे जांचो। tu kar lega!
JavaScript,Prototypes,Assignment,Beginner,Bilingual,अच्छा, Callback के लिए उदाहरण प्रोग्राम बनाओ और आउटपुट दिखाओ। keep it up, yaar!
Behavioral,STAR Method,Assignment,Advanced,Bilingual,Assignment: Khud se likho ek example for STAR Method using JavaScript aur test karo. mast seekh raha hai!
JavaScript,Async/Await,Assignment,Intermediate,Bilingual,चलो, उच्च स्कोर पाने वाला assignment: implement A* algorithm aur code show karo. bas thoda practice ki zaroorat hai!
Behavioral,Communication,Assignment,Beginner,Bilingual,Assignment: Nimble above assignment: implement BST aur share karo code. You got this!
Behavioral,Conflict Resolution,Assignment,Beginner,Bilingual,Assignment: Deal karo ek tricky Graph problem, code share karo. keep it up, yaar!
System Design,Load Balancing,Assignment,Advanced,Bilingual,चलो, CAP Theorem ka code likho aur test cases banao. pakka ho jayega!
JavaScript,Promises,Assignment,Advanced,Bilingual,Assignment: Nimble above assignment: implement shortest path aur share karo code. tu kar lega!
Behavioral,Strengths,Assignment,Advanced,Bilingual,Assignment: NodeJS mein ek RealWorld example implement karo aur submit karo. mast seekh raha hai!
System Design,Caching,Assignment,Intermediate,Bilingual,ठीक है, Sharding का कोड लिखो और उसे जांचो। bas thoda practice ki zaroorat hai!
JavaScript,Event Loop,Assignment,Intermediate,Bilingual,Guru, Promise ka code likho aur test cases banao. tu kar lega!
System Design,Traffic Load,Assignment,Advanced,Bilingual,Assignment: Circular Queue ka implementation likho aur mujhe bhejo. Keep it up!
System Design,CDN,Assignment,Intermediate,Bilingual,Assignment: Maze Solver ka code likho aur test cases banao. you got this!
DSA,Hash Table,Assignment,Beginner,Bilingual,Assignment: Insert and search in Hash Table ka code likho aur test karo. you got this!
DSA,Binary Tree,Assignment,Intermediate,Bilingual,Assignment: Cycle Detection ka code likho aur test karo. pakka ho jayega!
DSA,HashMap,Assignment,Intermediate,Bilingual,चलो, HashMap का कोड लिखो और उसे जांचो। keep it up, yaar!
System Design,Concurrency,Assignment,Intermediate,Bilingual,Assignment: Quick sort ka implementation likho aur submit karo. tu kar lega!
System Design,Load Balancing,Assignment,Advanced,Bilingual,Assignment: Heap data structure likho aur output share karo. You got this!
System Design,Microservices,Assignment,Intermediate,Bilingual,Assignment: Merge sort implement karo aur result dikhao. bas thoda practice ki zaroorat hai!
JavaScript,Prototypes,Assignment,Beginner,Bilingual,Assignment: Fibonacci nikalne ka code likho. keep it up, yaar!
Behavioral,Teamwork,Assignment,Intermediate,Bilingual,Assignment: Implement depth-first search and submit. You got this!
JavaScript,DOM Manipulation,Quiz,Intermediate,Bilingual,Quiz: Weakness ke sawal ka best answer kaise denge? Options: A) Minor weakness batake usko improve karne ka plan ho, B) Badi weakness batao, C) Kuch bhi nahi. Answer: Minor weakness batake usko improve karne ka plan ho, aur kaise seekh rahe ho wo batayo.
System Design,Caching,Quiz,Beginner,Bilingual,Quiz: {subtopic} ke liye ye question: Google file system me replication factor ka fayda kya hai? Options: A) Speed B) Reliability C) Security. Answer: B) Reliability - kyunki replication se data safe rahega.
JavaScript,Async/Await,Quiz,Beginner,Bilingual,Quiz: Recursion me 'base case' kya hota hai? Options: A) Jahaan recursion rukti hai, B) Jahaan recursion start hoti hai, C) Koi nahi, recursion infinite hai. Answer: A) Jahaan recursion rukti hai, yaani condition jahan se recursive calls ko terminate kiya jata hai.
Behavioral,STAR Method,Quiz,Intermediate,Bilingual,Quiz: Behavioral Quiz: Leadership ke context mein interview mein kya bolna chahiye? (Answer: [Example answer in context]).
DSA,Graphs,Quiz,Intermediate,Bilingual,Quiz: Sorting ko discuss karte hue, 'stack overflow' error kis wajah se aata hai? Options: A) Infinite loop B) Array index out of bounds C) Recursion too deep. Answer: C) Kyunki recursion bahut jyada nested ho gaya hai.
JavaScript,Prototypes,Quiz,Beginner,Bilingual,Quiz: {subtopic} ko discuss karte hue, attributeError error kyun aata hai? Options: A) Typo B) None C) sab jagah instance method nahi. Answer: sab instance method nahi hai.
Behavioral,Conflict Resolution,Quiz,Beginner,Bilingual,Quiz: {"behavioral question": "Kaam ke mahoul mein disagreement kaise handle karoge? Options: A) Ignore B) Communicate C) Quit. Answer: B) Communicate - seedhe baat karke suljhaya."}
System Design,Sharding,Quiz,Intermediate,Bilingual,Quiz: {subtopic} ke liye ek problem: Google File System me replication factor kya fix karke speed mil sakti hai? Options: A) 1 B) 3 C) 5. Answer: B) 3, achha hota.
Behavioral,Motivation,Quiz,Intermediate,Bilingual,Quiz: future star introduction question. Options: A) Humara future accha hai, B) Samay nahi, C) Question skip. Answer: Samay nahi, skip.
DSA,Sorting,Quiz,Advanced,Bilingual,Quiz: Sorting me stable ka kya matlab? Options: A) Rakshak B) Order C) Unchangeable. Answer: A) Order preserve hona.
JavaScript,Promise,Quiz,Intermediate,Bilingual,Quiz: Array, use reduce vs for loop question. Options: A) Reduce B) For loop C) Nahi use. Answer: Reduce.
System Design,Database,Quiz,Advanced,Bilingual,Quiz: NoSQL aur SQL ka basic farq kya hai? Options: A) Table-based vs Document-based B) Jo bhi C) Matlab hi nahi. Answer: A) Table-based vs Document-based.
DSA,Graphs,Quiz,Advanced,Bilingual,Quiz: Graph traversal me deep search: Options: A) DFS B) BFS C) Dijkstra. Answer: DFS.
Behavioral,Weakness,Quiz,Intermediate,Bilingual,Quiz: {subtopic} ke liye quiz question. Options: A) Choose X B) Choose Y C) None. Answer: Choose X.
System Design,Scalability,Quiz,Intermediate,Bilingual,Quiz: Daily surprise topic with code challenge. Options: A) Do it B) Don't C)?
Behavioral,STAR Method,Quiz,Beginner,Bilingual,Quiz: {subtopic} par ek quiz. Options: A) Answer1 B) Answer2 C) Answer3. Answer: A.
JavaScript,DOM Manipulation,Debug,Beginner,Bilingual,Debug: Apne code me event listener galat likha hai, check karo.
Behavioral,Leadership,Debug,Beginner,Bilingual,Debug: Tumhare code me loop ka condition galat hai, correct karna padega.
Behavioral,Teamwork,Debug,Intermediate,Bilingual,Debug: Infinite loop ho raha hai, base condition set karo teamwork recursion me.
Behavioral,Failure,Debug,Advanced,Bilingual,Debug: Syntax error hai code me, ek semicolon missing hai.
System Design,Concurrency,Debug,Advanced,Bilingual,Debug: Your code pe null pointer exception aa raha hai, initialization chahiye.
JavaScript,Let/Const,Debug,Advanced,Bilingual,Debug: Yaar, syntax error hai code me, ek semicolon missing hai.
JavaScript,Closure,Debug,Intermediate,Bilingual,Debug: Null pointer exception aa raha hai, check karo pointer initialization.
JavaScript,ES6 Features,Debug,Beginner,Bilingual,Debug: Off-by-one error ho sakti hai, loop ka range dekho.
DSA,Hash Table,Debug,Beginner,Bilingual,Debug: Array index out of bounds aa raha hai, loop boundary check karo.
DSA,Graph,Debug,Beginner,Bilingual,Debug: Tumhara code galat variable use kar raha hai for Graph, ensure sahi variable reference karo.
Behavioral,Conflict Resolution,Debug,Intermediate,Bilingual,Debug: Debug: Aap recursion function me return statement nahi de rahe ho.
DSA,Recursion,Code Review,Beginner,Bilingual,Code Review: Stack ke code me edge cases handle karna skip kar diya. Unko add karne se aur better ho jayega.
JavaScript,Event Loop,Code Review,Beginner,Bilingual,Code Review: Tumhara closure solution thik hai par time complexity zyada hai, dekh fast approach.
DSA,Array,Code Review,Intermediate,Bilingual,Code Review: Tumhara selection sort kam kar raha hai, par inside swap karne ka logic sahi nahi hai. Thoda optimize karo.
JavaScript,Promises,Code Review,Beginner,Bilingual,Code Review: Code sahi hai, but function naming better kar sakte ho readability ke liye.
JavaScript,Async/Await,Code Review,Intermediate,Bilingual,Code Review: Achha kiya loop ka use, but for ES6 use map ho sakta tha, dekho.
System Design,Database,Code Review,Advanced,Bilingual,Code Review: Transaction code sahi hai, par indexing ka use nahi kiya. Index lagane se fast hogi query.
Behavioral,Strengths,Code Review,Intermediate,Bilingual,Code Review: Achha try, but mushkil scenario me thoda aur explain kar sakte ho response.
DSA,Dynamic Programming,Code Review,Beginner,Bilingual,Code Review: Proposed DP solution sahi hai, but recursion ke bajaye memoization add karo.
JavaScript,Callbacks,Code Review,Intermediate,Bilingual,Code Review: Callback code readable hai, good job. Try karo async/await se aur concise hona.
Behavioral,Motivation,Code Review,Beginner,Bilingual,Code Review: Tumhara code functional hai, but agar unit tests likhoge toh kaafi secure ho jayega code.
System Design,Caching,Code Review,Advanced,Bilingual,Code Review: API ka code accha hai, par data structure use karne ka socho for optimization.
System Design,Load Balancing,Code Review,Intermediate,Bilingual,Code Review: Good implementation, thoda error handling add kar lo, solid ho jayega.
System Design,Network,Code Review,Advanced,Bilingual,Code Review: Caching ke liye jo data store kiya hai, size limit define karlo, memory bach jayegi.
Behavioral,Communication,Code Review,Advanced,Bilingual,Code Review: Achha code likha, readability thodi kam thi. Comments add karne se clear hoga.
DSA,Array,Motivation,Beginner,Bilingual,Motivation: Har din coding karoge, tum kamal ka coder banoge! Trusted rahe.
Behavioral,Leadership,Motivation,Intermediate,Bilingual,Motivation: Chinta mat karo agar mushkil lag raha hai. Aaram se practice karo, sab aayega! You got this!
DSA,Graph,Motivation,Advanced,Bilingual,Motivation: Mistake se hi seekhte hain, galtiya ki wajah se strong banoge! Keep going!
Behavioral,Failure,Motivation,Advanced,Bilingual,Motivation: Har problem se kuch naya milta hai, bas himmat banaye raho! Stay consistent!
System Design,Concurrency,Motivation,Intermediate,Bilingual,Motivation: Tumhari mehnat rang layegi, bas manage raho! Practice makes perfect.
JavaScript,Promises,Motivation,Intermediate,Bilingual,Motivation: Har code likhne se strength milti hai. Trust yourself, you can do it!
DSA,Stack,Motivation,Beginner,Bilingual,Motivation: Bura mat mano agar abhi mushkil lag raha, aasan ho jayega! Keep it up!
Behavioral,Teamwork,Motivation,Intermediate,Bilingual,Motivation: Ek mahina hogaya, progress badhiya hai. Aur momentum maintain karo! Tu kar lega!
Behavioral,Success,Motivation,Intermediate,Bilingual,Motivation: Progress dikh rahi hai, bas aage badhte jao! You got this!
JavaScript,Closures,Motivation,Beginner,Bilingual,Motivation: Coding karte jao, sahi cheeze banate jao! Keep it up!
System Design,Database,Motivation,Advanced,Bilingual,Motivation: Jo seekha hai, usse apply karo. Difficulty se ghabrana mat! Stay consistent!
Behavioral,STAR Method,Motivation,Advanced,Bilingual,Motivation: Har error ek learning hai, fail hua toh aur strong bana! Bas mehnat jaari rakho.
Behavioral,Strengths,Motivation,Beginner,Bilingual,Motivation: Inspired feel karo, mehnat ka phal milega! Confidence bane raho!
DSA,Queue,Motivation,Advanced,Bilingual,Motivation,Motivation: Every challenge is a stepping stone to success! Keep pushing yourself!
JavaScript,ES6 Features,Motivation,Intermediate,Bilingual,Motivation,Don't give up, you're doing great!
System Design,Traffic Load,Motivation,Advanced,Bilingual,Motivation,प्रैक्टिस से ही महारत आती है, धैर्य रखो!
DSA,Heap,Motivation,Beginner,Bilingual,Motivation,हर गलती एक सीख है, इससे आगे बढ़ो!
System Design,Caching,Motivation,Intermediate,Bilingual,Motivation,विश्वास रखो, तुम इसे हल कर लोगे!
JavaScript,DOM Manipulation,Motivation,Advanced,Bilingual,Motivation,तमाम चुनौतियां पार होती जाएंगी, मेहनत जारी रखो!
Behavioral,Motivation,Motivation,Intermediate,Bilingual,Motivation,हमेशा सामने बढ़ते रहो, हिम्मत रखो!
Behavioral,Strengths,Motivation,Beginner,Bilingual,Motivation,दबाव में भी शांत रहो, कर लोगे सफल!
JavaScript,Prototypes,Motivation,Beginner,Bilingual,Motivation,गलतियों से सीखो, अभ्यास जारी रखो! Keep going!
System Design,CAP Theorem,Motivation,Intermediate,Bilingual,Motivation,हार मत मानो, तुम सही दिशा में हो!
Behavioral,Conflict Resolution,Motivation,Intermediate,Bilingual,Motivation,विश्वास रखो, हर दिन बेहतर करोगे!
JavaScript,Async/Await,Motivation,Beginner,Bilingual,Motivation,Practice ka phal zaroor milega, tune kar loge!
DSA,Graph,Motivation,Intermediate,Bilingual,Motivation,संकल्प बड़ा रखो, काम पूरा कर लोगे!
System Design,Microservices,Motivation,Beginner,Bilingual,Motivation,तुम बहुत आगे जा रहे हो, ऐसे ही जारी रहो!
JavaScript,Callbacks,Motivation,Intermediate,Bilingual,Motivation,अकेले मेहनत से काम करो, सफलता मिलेगी!
Behavioral,Failure,Motivation,Intermediate,Bilingual,Motivation,रुकना नहीं, बढ़ते रहो! You got this!
Behavioral,Motivation,Savage Reply,Intermediate,Bilingual,Savage: Arre tu fatafat kaam kar, copy-paste fayda nahi!
JavaScript,Prototypes,Savage Reply,Intermediate,Bilingual,Savage: Time's ticking; get to coding instead of doodling!
DSA,Linked List,Motivation,Beginner,Bilingual,Motivation,Keep going, you're doing great!
DSA,Sorting,Motivation,Intermediate,Bilingual,Motivation,Each mistake is a lesson, learn and move forward!
DSA,Recursion,Teaching,Advanced,English,Alright, Imagine mirror facing mirror. It's similar to Recursion. Stay consistent!
Behavioral,Failing Fast,Motivation,Intermediate,English,Practice will make it click, stay confident!
JavaScript,Closure,Teaching,Beginner,English,Imagine think of a sealed envelope. It's similar to Closure. You got this!
System Design,Scalability,Teaching,Intermediate,English,Alright, Imagine city traffic system with roads and signals. It's similar to Scalability. Practice makes perfect!
JavaScript,Functions,Teaching,Intermediate,English,Hey, Promise is an important concept. Take it step by step. Keep it up!
DSA,Array,Teaching,Beginner,English,Imagine this: calendar with fixed days. It's similar to Array. Keep going!
Behavioral,Leadership,Teaching,Beginner,English,Alright, Communication is an important concept. Take it step by step. Stay consistent!
System Design,Database,Teaching,Advanced,English,Imagine social network (friends on Facebook). It's similar to Database. You got this!
JavaScript,Closures,Teaching,Intermediate,English,By the way, Imagine function carrying hidden environment like a sealed envelope. It's similar to Closure. You got this!
System Design,Traffic Load,Teaching,Intermediate,English,So, Imagine movie theater seating arrangement. It's similar to Traffic Load. Keep going!
System Design,CAP Theorem,Teaching,Intermediate,English,Alright, Imagine balancing availability, consistency, and partition tolerance. It's similar to CAP Theorem. Practice makes perfect!
JavaScript,Event Loop,Teaching,Intermediate,English,Listen, Imagine a chef taking and preparing orders in sequence. It's similar to Event Loop. Stay consistent!
Behavioral,STAR Method,Teaching,Intermediate,English,Imagine this: STAR Method is an important concept. Take it step by step. Keep it up!
DSA,Recursion,Teaching,Advanced,English,So, Imagine nesting Russian dolls. It's similar to Recursion. You got this!
JavaScript,Promises,Teaching,Intermediate,English,By the way, Imagine placing a food order and waiting for the meal. It's similar to Promises. Keep it up!
System Design,Microservices,Teaching,Intermediate,English,Listen, Imagine food court with multiple small restaurants. It's similar to Microservices. You got this!
Behavioral,Interview Prep,Teaching,Beginner,English,Alright, Communication is an important concept. Take it step by step. Keep it up!
JavaScript,Hoisting,Teaching,Intermediate,English,Imagine this: Imagine top-level declarations. It's similar to Hoisting. Stay consistent!
DSA,Array,Teaching,Intermediate,English,Imagine this: Imagine books on a shelf. It's similar to Array. Keep going!
Behavioral,Teamwork,Teaching,Intermediate,English,So, Teamwork is an important concept. Take it step by step. Stay consistent!
DSA,Greedy,Teaching,Intermediate,English,Imagine this: Greedy is an important concept. Take it step by step. You got this!
System Design,Architecture,Teaching,Intermediate,English,Imagine this: Architecture is an important concept. Take it step by step. Stay consistent!
Behavioral,Failure,Teaching,Intermediate,English,Imagine this: Failure is an important concept. Take it step by step. You got this!
System Design,Scalability,Teaching,Intermediate,English,Imagine this: City traffic system with roads and signals. It's similar to Scalability. Keep going!
Behavioral,STAR Method,Teaching,Intermediate,English,Imagine this: STAR Method is an important concept. Take it step by step. Stay consistent!
JavaScript,Async,Teaching,Advanced,English,Imagine this: Async/Await is an important concept. Take it step by step. You got this!
System Design,Sharding,Teaching,Intermediate,English,Imagine this: Assembly line with specialized stations. It's similar to Sharding. Keep going!
JavaScript,Closure,Teaching,Beginner,English,Imagine family tree. It's similar to Tree. Keep it up!
System Design,CAP Theorem,Teaching,Intermediate,English,Imagine phonebook with names sorted alphabetically. It's similar to Binary Search. Keep it up!
DSA,Data Structures,Teaching,Beginner,English,So, Data Structures is an important concept. Take it step by step. Practice makes perfect!
JavaScript,DOM Manipulation,Teaching,Advanced,English,Imagine newspaper with clickable headlines. It's similar to DOM. You got this!
Behavioral,Conflict Resolution,Teaching,Intermediate,English,Imagine this: Conflict is an important concept. Take it step by step. You got this!
JavaScript,Promise,Teaching,Beginner,English,Listen, Imagine waiting for a parcel delivery. It's similar to Promise. Keep it up!
System Design,Load Balancing,Teaching,Intermediate,English,Imagine this: 먹장과. It's similar to CAP Theorem. Stay consistent!
DSA,Graph,Teaching,Advanced,English,Imagine Zomato delivery network. It's similar to Graph. You got this!
Behavioral,Communication,Teaching,Intermediate,English,Imagine social network (friends on Facebook). It's similar to Communication. You got this!
Behavioral,Interview Prep,Teaching,Beginner,English,Imagine social network (friends on Facebook). It's similar to Interview Prep. Keep going!
DSA,Recursion,Teaching,Intermediate,English,Imagine route map. It's similar to Graph. Keep it up!
Behavioral,STAR Method,Savage Reply,Intermediate,Bilingual,Savage: Arre yaar, Discussion karte karte code copy mat kar, try khud solve karo!
JavaScript,Arrays,Savage Reply,Intermediate,English,Savage: अपनी पढ़ाई और अभ्यास पर भरोसा करो, यही रास्ता है मुकाम पाने का!
System Design,API,Savage Reply,Intermediate,Bilingual,Savage: ज़्यादा हाँ में जवाब मत देना, सोचना सीखो, code khud likho!
Behavioral,Failure,Savage Reply,Intermediate,English,Savage: फ़ालतू से बहाने मत बनाओ, काम को पूरा करो!
Behavioral,Weakness,Savage Reply,Intermediate,Bilingual,Savage: धमकाने की ज़रूरत नहीं, practical attempt karo, fail ho ke sikho!
DSA,Queue,Savage Reply,Beginner,Bilingual,Savage: बांकी सब समझ में आ गया, चटपट code likh do अभी!
